spec_id,title,status,evidence,notes
S-260210-1.1,Active/Dead Cells,Implemented,"src/skating_system/services/skating_scorer.py:171; src/skating_system/ui/screens/competition_edit.py:633","Derived per cell; not persisted"
S-260210-1.2,Majority Marker,Implemented,"src/skating_system/services/skating_scorer.py:402; src/skating_system/ui/screens/competition_edit.py:648","* derived from majority count"
S-260210-1.3,Full Table vs UI Table,Implemented,"src/skating_system/services/skating_scorer.py:402; src/skating_system/ui/screens/competition_edit.py:633","UI projection of derived table"
S-260210-1.4,Recursive Transparency,Implemented,"src/skating_system/services/skating_scorer.py:83; src/skating_system/services/skating_scorer.py:206","DecisionNode tree"
S-260210-1.5,Cutoff Definition,Partial,"src/skating_system/services/skating_scorer.py:206; src/skating_system/ui/screens/competition_edit.py:653","Cutoff stored per entry at placement step; no per-node cutoff"
S-260210-1.6,Cell Semantics,Implemented,"src/skating_system/services/skating_scorer.py:402; src/skating_system/ui/screens/competition_edit.py:649","Counts/sums in prefix, 0(0) dead"
S-260210-1.7,Missing Ranks,Implemented,"src/skating_system/services/skating_scorer.py:127; src/skating_system/services/skating_scorer.py:188","Validation blocks compute"
S-260210-1.8,Inline Creation,Implemented,"src/skating_system/ui/screens/competition_edit.py:344; src/skating_system/ui/screens/competition_edit.py:385","Matrix screen adds judges/entries"
S-260210-1.9,Exact String Reuse,Implemented,"src/skating_system/ui/screens/competition_edit.py:358; src/skating_system/ui/screens/competition_edit.py:399","Exact name match only"
S-260210-1.10,Judge Lettering,Implemented,"src/skating_system/ui/helpers.py:4; src/skating_system/ui/screens/competition_edit.py:503","Recomputed on render"
S-260210-1.11,Focus Rules,Partial,"src/skating_system/ui/screens/competition_edit.py:705","Default focus set; add/remove focus persistence not explicit"
S-260210-1.12,Navigation Structure,Implemented,"src/skating_system/ui/screens/competitions.py:39; src/skating_system/ui/screens/competition_edit.py:20","Competitions list -> Matrix screen"
S-260210-1.13,Symbol Precedence,Implemented,"src/skating_system/ui/screens/competition_edit.py:664","Decisive uses bold only"
S-260210-1.14,Placement Column,Implemented,"src/skating_system/ui/screens/competition_edit.py:505","Rightmost Place column"
S-260210-1.15,Dead Styling,Implemented,"src/skating_system/ui/screens/competition_edit.py:660","Dim only"
S-260210-1.16,Majority Scope,Implemented,"src/skating_system/ui/screens/competition_edit.py:652","* used only in derived columns"
S-260210-1.17,Transcript Structure,Implemented,"src/skating_system/services/skating_scorer.py:9; src/skating_system/ui/screens/competition_edit.py:678","DecisionNode rendered deterministically"
S-260210-1.18,UI Behavior (Transcript),Implemented,"src/skating_system/ui/screens/competition_edit.py:678","UI renders transcript only"
S-260210-1.19,Edit Lifecycle,Partial,"src/skating_system/ui/screens/competition_edit.py:615; src/skating_system/ui/screens/ranking.py:156","Matrix edits mark stale; RankingScreen edits do not"
S-260210-1.20,Persistence Scope,Implemented,"src/skating_system/persistence/json_repo.py:184","Only inputs persisted"
S-260210-1.21,Load Behavior,Partial,"src/skating_system/ui/app.py:46","Auto recompute when enabled; no stale mark when disabled"
S-260210-1.22,Schema Versioning,Implemented,"src/skating_system/persistence/schema.py:8; src/skating_system/persistence/json_repo.py:184","schema_version/app_version handled"
